Pond,Link,centriod,polygon
1,"https://www.google.com/maps?q=15.909771601652196,80.5101859752401","(15.909771601652196, 80.5101859752401)","POLYGON ((80.51057773651961 15.909780686223659, 80.51057773938679 15.909779501343476, 80.51013384839547 15.909606459867447, 80.50988771728295 15.909605894561919, 80.50988790575943 15.909638136343945, 80.50980327560855 15.90968056396638, 80.50987865290233 15.909827149922227, 80.51014336573486 15.909913209364419, 80.51057741343774 15.909914200684431, 80.51057741343851 15.909914200368014, 80.51057742215758 15.909910597207329, 80.51057773651961 15.909780686223659))"
2,"https://www.google.com/maps?q=15.907378527304822,80.51165072296921","(15.907378527304822, 80.51165072296921)","POLYGON ((80.51101443261217 15.90716759186435, 80.51101390835058 15.907384474807515, 80.51101389936072 15.907388193811668, 80.51101389288029 15.907390874695807, 80.5110387513123 15.907398153800823, 80.51183040734057 15.907656976997883, 80.51226442577776 15.907657964736625, 80.51226442577804 15.907657964618016, 80.51226442577853 15.907657964420213, 80.51226443579084 15.907653811890327, 80.51226516889164 15.90734976064436, 80.51226518143413 15.907344558628953, 80.51226518362836 15.90734364856903, 80.51172704878861 15.907168668289296, 80.51101464242296 15.907080793827651, 80.51101443261217 15.90716759186435))"
3,"https://www.google.com/maps?q=15.908063332126533,80.5111462520874","(15.908063332126533, 80.5111462520874)","POLYGON ((80.51095268417207 15.908044865245609, 80.51095199595959 15.908047191572553, 80.5108301335784 15.908398975662731, 80.51090133917668 15.90846849515328, 80.51091786780034 15.908468532886127, 80.51091786778481 15.908468539308538, 80.51123484952446 15.90846925679413, 80.5112348495257 15.908469256272413, 80.51123719473678 15.908469261622697, 80.5112467511179 15.908366338952852, 80.5113172771782 15.908152679804772, 80.51142273170902 15.908034857511653, 80.51142277322052 15.908017671021081, 80.51142277968007 15.908017671035815, 80.51142292466375 15.907956978759502, 80.5115111009335 15.907860157530378, 80.51143438039664 15.9077109609214, 80.51100983380962 15.907709993970279, 80.51100983294327 15.907710000546874, 80.51099655821598 15.907709970496423, 80.51092102671684 15.907782721033723, 80.51095323814984 15.908035249187378, 80.51095343346388 15.908037661573209, 80.51095340579656 15.908040081203636, 80.51095315536809 15.908042488816573, 80.51095268417207 15.908044865245609))"
4,"https://www.google.com/maps?q=15.905244140458427,80.6585489495667","(15.905244140458427, 80.6585489495667)","POLYGON ((80.65834103059447 15.905399474343147, 80.65843731925821 15.905376311535539, 80.65849306944628 15.905404434295143, 80.65866983088844 15.90532193237028, 80.65875169037429 15.905242970788482, 80.65875193548037 15.905101002306209, 80.65875193548037 15.905101002306209, 80.65875193548096 15.90510100195729, 80.65851181064652 15.905100628508759, 80.65834126281071 15.905265131168424, 80.65834103059447 15.905399474343147))"
5,"https://www.google.com/maps?q=15.900348391788192,80.64620910177594","(15.900348391788192, 80.64620910177594)","POLYGON ((80.64607642365647 15.900505562079159, 80.6460776662176 15.900505564079124, 80.64653469066627 15.900329513280287, 80.6466158161982 15.900251270158895, 80.6466158262661 15.900245632726888, 80.6466158314904 15.900245630209366, 80.64661607060316 15.900109302288167, 80.646616069737 15.900109302286786, 80.64646435626808 15.900109060571305, 80.64591768339123 15.900372459049974, 80.64591768339123 15.900372459049978, 80.64591340311082 15.900374521370756, 80.64573783616274 15.900543852749978, 80.64573774178469 15.900595417128878, 80.64588945375891 15.900595659358904, 80.64607642365647 15.900505562079159))"
6,"https://www.google.com/maps?q=15.90445978135225,80.65857655315561","(15.90445978135225, 80.65857655315561)","POLYGON ((80.65860798062107 15.904105305408649, 80.65815568285345 15.904541572971482, 80.6581557086359 15.904557611428334, 80.65813906219687 15.904557604508701, 80.65806207357876 15.904631864213519, 80.65806164648828 15.904885113434183, 80.65814405008204 15.905045173353273, 80.65829190243862 15.905045408341447, 80.65829541806563 15.905033745629227, 80.65829928848876 15.905035622336175, 80.65838003886235 15.904860989892105, 80.65838127720846 15.904858628357067, 80.65838274764906 15.904856394952633, 80.6583844361646 15.904854310972642, 80.65838632665633 15.904852396286289, 80.65838840109983 15.90485066914868, 80.6583906397168 15.904849146026779, 80.65839302116373 15.904847841442413, 80.65839552273529 15.90484676783383, 80.65857221163175 15.90478072686157, 80.6586570123611 15.904578258767408, 80.65865818214738 15.904575820493902, 80.65865959562566 15.904573506266235, 80.65866123890878 15.904571338821258, 80.65866309585176 15.90456933945369, 80.6586651482105 15.90456752780697, 80.65866737582095 15.90456592168016, 80.658669414032 15.904564736212802, 80.65869952185086 15.904594028130614, 80.65876935477615 15.904594138434426, 80.65877247556139 15.9045941433633, 80.65903333147868 15.904426392183405, 80.65903371761289 15.90419432793137, 80.65903391164746 15.904080706906115, 80.65912725778512 15.904125968749922, 80.6591276153677 15.903910319855017, 80.65905089076415 15.903835829591529, 80.6589977552178 15.903835741764206, 80.65899810175314 15.903926146397598, 80.65898125676978 15.903926120503783, 80.6588776169149 15.90402980660393, 80.65886374864263 15.90401634217897, 80.6587907780601 15.904016226954203, 80.65865942957534 15.904100694560528, 80.65860798062107 15.904105305408649))"
7,"https://www.google.com/maps?q=15.902244192232805,80.67702260007829","(15.902244192232805, 80.67702260007829)","POLYGON ((80.6770091705549 15.902448568791593, 80.67725345017979 15.902370065523963, 80.677253462156 15.902362455069904, 80.67725346415259 15.902362455072916, 80.67725380920326 15.90214611061982, 80.67725380260453 15.902146110609962, 80.67725382782713 15.902130082288595, 80.67717949403199 15.902057925100454, 80.67675037046914 15.902140395197266, 80.6767504443491 15.902145358200327, 80.67675021887665 15.902145357863029, 80.67675021887946 15.902145358283654, 80.67675117277471 15.902288344351097, 80.676826538212 15.90236181062344, 80.6769200642769 15.902361951874234, 80.6770091705549 15.902448568791593))"
8,"https://www.google.com/maps?q=15.902551021789632,80.6782420226771","(15.902551021789632, 80.6782420226771)","POLYGON ((80.67838465382454 15.902996961620431, 80.67846320295715 15.9028516210016, 80.67834530582985 15.902669225236302, 80.67834387434415 15.902666726923146, 80.6783427223468 15.90266409675899, 80.67834186261858 15.902661363924127, 80.67834130469771 15.902658558737933, 80.67834105477402 15.902655712322467, 80.67834111562027 15.902652856257223, 80.6783738609677 15.902221337051383, 80.67828143805647 15.902131621413275, 80.67828155631008 15.902057239511146, 80.67805799716358 15.902056906549232, 80.67805762708377 15.902294012211572, 80.67814586243146 15.902461964260956, 80.67814694148171 15.902464280850266, 80.67814779175443 15.902466685000778, 80.67814840578559 15.902469155607863, 80.67814877818496 15.90247167098352, 80.67814890568346 15.902474209046748, 80.67814982945141 15.902996618492764, 80.67814992039848 15.902996618628233, 80.67814977660561 15.903087022128114, 80.67827991856475 15.903087215941504, 80.67828006158123 15.902996812439397, 80.67828006251497 15.902996812440788, 80.67828006252121 15.902996808513146, 80.67838465382454 15.902996961620431))"
9,"https://www.google.com/maps?q=15.902728117273522,80.67938335113949","(15.902728117273522, 80.67938335113949)","POLYGON ((80.67950967275534 15.902997192096139, 80.67958792762184 15.902998372105824, 80.679588842168 15.902420796837145, 80.67958511747005 15.902420791314011, 80.67917881165033 15.902420188442012, 80.67917851417876 15.902420188000344, 80.67917843055868 15.90242018787619, 80.67917722925897 15.902992178845299, 80.67917755324196 15.90299218373121, 80.6791775291871 15.9030041298837, 80.67949851939002 15.903082403969911, 80.67949852838021 15.903082335284791, 80.67950967275534 15.902997192096139))"
10,"https://www.google.com/maps?q=15.902785032023502,80.6800710329657","(15.902785032023502, 80.6800710329657)","POLYGON ((80.6801647038231 15.903180424382933, 80.68024309625093 15.903104794064323, 80.6803189133262 15.902525464464034, 80.68033163385135 15.902491975891628, 80.68032423577867 15.90248479467324, 80.6803324669498 15.902421898818789, 80.68011563765799 15.902421581971378, 80.67991505585792 15.902421281942658, 80.67983325176897 15.902578926837094, 80.67987519043758 15.902824567332258, 80.67983561018143 15.903089526441834, 80.67983563620085 15.903089526480198, 80.67983308078819 15.90310664053288, 80.67991418248957 15.903180345661202, 80.6801647038231 15.903180424382933))"
11,"https://www.google.com/maps?q=15.906307039206078,80.6910266483313","(15.906307039206078, 80.6910266483313)","POLYGON ((80.69109052117341 15.905963300949107, 80.69092725010033 15.90596306742833, 80.6908502865834 15.906037325665077, 80.69085027362618 15.906045742410818, 80.69085026804291 15.90604574420545, 80.69084937189919 15.906631312809626, 80.691089500342 15.90663165035073, 80.69125762006851 15.906469440083747, 80.691256885234 15.906465859780544, 80.6911694641183 15.906039920673864, 80.69109456014624 15.9059672210607, 80.69109456014624 15.9059672210607, 80.69109052117341 15.905963300949107))"
12,"https://www.google.com/maps?q=15.905630015808612,80.69268894675132","(15.905630015808612, 80.69268894675132)","POLYGON ((80.69269818751827 15.90533276805466, 80.69234591641498 15.90550263247468, 80.69234594468017 15.90550971280734, 80.69234581237465 15.905509729472655, 80.69234545380787 15.905750287422535, 80.69242788501882 15.905910334559103, 80.69268376535028 15.90591069274397, 80.69280586012702 15.905851854996795, 80.69295693604505 15.90582281676995, 80.69303611175927 15.905746422468681, 80.69303612012081 15.905740891904644, 80.69303612021127 15.905740891861045, 80.69303648871013 15.905498020135024, 80.69286646908752 15.905333006443499, 80.69286064438342 15.905332998162933, 80.69286064182326 15.905332993190953, 80.69271851173515 15.905332796054402, 80.6927020020826 15.905332772572084, 80.69270200138988 15.905332773148242, 80.6926981879275 15.905332767857331, 80.69269818751827 15.90533276805466, 80.69269818751827 15.90533276805466))"
13,"https://www.google.com/maps?q=15.89976418435491,80.67827283753125","(15.89976418435491, 80.67827283753125)","POLYGON ((80.677379544743 15.899858460608598, 80.67765948713327 15.89994927418445, 80.67806942894428 15.899956085470462, 80.67821984826035 15.900040513006301, 80.6791534018072 15.90013231265608, 80.6791541104374 15.89968077708756, 80.67906098949425 15.899590383425807, 80.67858650692469 15.899587885420036, 80.6784072317215 15.899499008778553, 80.67799729081199 15.899492198149932, 80.6778468719948 15.899407770464155, 80.67747353535812 15.899407212689175, 80.67738012757223 15.899497328651984, 80.677379544743 15.899858460608598))"
14,"https://www.google.com/maps?q=15.89822753468697,80.67591297200968","(15.89822753468697, 80.67591297200968)","POLYGON ((80.67590325487109 15.898476273086816, 80.67615915850726 15.898559914259462, 80.67623204603034 15.898489595883559, 80.67623250928713 15.898202356911261, 80.67623251251209 15.898202356916098, 80.67623272059689 15.898072265087704, 80.67623271909551 15.898072264842957, 80.67623285820034 15.897986011983905, 80.67615599759404 15.897985896833879, 80.67615379828835 15.897983761863067, 80.67571023275087 15.897897153372583, 80.67563566288305 15.897969094656508, 80.675635627357 15.897985116513404, 80.67563134818788 15.897985110091385, 80.67554647561339 15.8984726940286, 80.67589446649784 15.898474847695349, 80.67589744276557 15.898475019602955, 80.6759003833177 15.898475496532845, 80.67590325487109 15.898476273086816))"
15,"https://www.google.com/maps?q=15.901697347932835,80.67672629830048","(15.901697347932835, 80.67672629830048)","POLYGON ((80.67644091002906 15.901741643197976, 80.67644235383017 15.901743854452752, 80.67644357079661 15.901746190020095, 80.6764445496086 15.901748628175449, 80.67644528116163 15.901751146240034, 80.67644575865104 15.901753720791758, 80.67646791998641 15.901918597125384, 80.67663300105818 15.90199882291987, 80.67716075904207 15.90191444757999, 80.67716099026117 15.901765286136975, 80.67704101207244 15.901590506254584, 80.67706789352297 15.901564572524766, 80.67706798121124 15.901512239696498, 80.67697274897829 15.901509452238846, 80.67684229932094 15.90149346237284, 80.67671512887785 15.901422083420034, 80.67628405825538 15.901421430800339, 80.67628385612518 15.90154779188177, 80.67628512625136 15.901547812977869, 80.67628524462945 15.901565563509514, 80.67643925282299 15.901739576824019, 80.67644091002906 15.901741643197976))"
16,"https://www.google.com/maps?q=15.902817117710006,80.68074535588319","(15.902817117710006, 80.68074535588319)","POLYGON ((80.68098973800747 15.902661271603511, 80.68098997801367 15.902513273682912, 80.68098625453946 15.90251326818571, 80.68071755229803 15.902512871314228, 80.68067300002795 15.902512805478517, 80.68059054586581 15.902512683610253, 80.68057175222549 15.902512655828616, 80.68048692843296 15.902757542209361, 80.68057251878439 15.903090617334215, 80.6806716156895 15.903090763809871, 80.68067183647464 15.903181167868501, 80.68089879431876 15.903181503166316, 80.68095636648107 15.902741626786149, 80.68098973800747 15.902661271603511))"
17,"https://www.google.com/maps?q=15.893258915908776,80.58955915435757","(15.893258915908776, 80.58955915435757)","POLYGON ((80.58964505428771 15.89344475019871, 80.5896450548268 15.893444750199738, 80.58964505483291 15.893444747184041, 80.58973058735862 15.89344491164361, 80.58964853956476 15.893125085102897, 80.58964570789755 15.893122509337257, 80.58964585970472 15.893047602954205, 80.58949916351307 15.893047329931097, 80.58942518964328 15.893118639241752, 80.58942669116401 15.893124493189273, 80.58942215770637 15.893126768266493, 80.58942166459084 15.893369951499235, 80.5894983582227 15.893444465041087, 80.58950876829182 15.893444485066146, 80.58950876993426 15.893444491469426, 80.58964505428771 15.89344475019871))"
18,"https://www.google.com/maps?q=15.883129205669752,80.59579497494428","(15.883129205669752, 80.59579497494428)","POLYGON ((80.59551393352699 15.883172731727155, 80.5955150354376 15.883175950165926, 80.59551520998136 15.883257347385515, 80.59555679454365 15.883297919262311, 80.59559901026451 15.883421221876487, 80.59594535518119 15.883421861783035, 80.59610773426334 15.883343624644109, 80.59602263453395 15.882844057060748, 80.59551458411809 15.88284310766937, 80.59551393352699 15.883172731727155))"
19,"https://www.google.com/maps?q=15.96168661888395,80.57207757546426","(15.96168661888395, 80.57207757546426)","POLYGON ((80.57231231740414 15.961755501933151, 80.57231277644452 15.961539161383797, 80.57190248891106 15.961538346208783, 80.57190248895117 15.961538352732957, 80.57188569607827 15.961538319601528, 80.57181476377616 15.961606660611263, 80.57181272237857 15.961608627431657, 80.57189374612437 15.961845071245305, 80.57213683811999 15.96184554868342, 80.5722352484893 15.961845744673228, 80.57231227651117 15.961771530423228, 80.57231228861642 15.96176589584777, 80.5723122940237 15.961765893244273, 80.57231231612711 15.961755501930591, 80.57231231740414 15.961755501933151))"
20,"https://www.google.com/maps?q=15.961981055929153,80.57436734947885","(15.961981055929153, 80.57436734947885)","POLYGON ((80.57455468953351 15.96190521115293, 80.5745546830759 15.961905211140172, 80.57455471648188 15.961889183152802, 80.57448101345607 15.961817588469298, 80.5741441884923 15.961898447854768, 80.57414389949477 15.96203523201668, 80.57415141289835 15.962036703228238, 80.57415164307454 15.962041834936691, 80.57430922887829 15.962121060428535, 80.57455423288889 15.962121551489826, 80.57455442370683 15.962031149824579, 80.57455468953351 15.96190521115293))"
21,"https://www.google.com/maps?q=15.966552170667093,80.55882313848343","(15.966552170667093, 80.55882313848343)","POLYGON ((80.55871527264506 15.966665681130742, 80.55871521918397 15.966689656291338, 80.55874500898496 15.966680098574855, 80.55878011764086 15.966697120738711, 80.55894628506869 15.966617170695487, 80.5590231855895 15.966469329327332, 80.55887655750536 15.966397961055176, 80.55862229771246 15.966561158047154, 80.55862314731452 15.966621014807814, 80.55871527264506 15.966665681130742))"
22,"https://www.google.com/maps?q=15.966639637013145,80.56161627774522","(15.966639637013145, 80.56161627774522)","POLYGON ((80.56132109582423 15.966705982872037, 80.56132202641112 15.966707790977456, 80.56159457286607 15.966746055596348, 80.5616846230714 15.966796647939535, 80.56192893198553 15.966797152060359, 80.56192893199899 15.966797145761506, 80.5619455013301 15.96679717955816, 80.56201643877571 15.966728841951674, 80.5619400923073 15.966580503942248, 80.5618503647161 15.96657856446, 80.56184900036236 15.966577239003708, 80.56157946215536 15.966489705530533, 80.56139735634012 15.966489330785095, 80.56133240891769 15.966489195720174, 80.56133240892608 15.96648919709616, 80.56123896192274 15.966489004708773, 80.56123983323982 15.966631988461456, 80.56131550926263 15.966705816295804, 80.56132109582423 15.966705982872037))"
23,"https://www.google.com/maps?q=15.966978267744128,80.56055407712257","(15.966978267744128, 80.56055407712257)","POLYGON ((80.5602095584336 15.967064853647692, 80.5602095493769 15.96706900300722, 80.56073189637966 15.967154388411652, 80.56082354440355 15.967066100447264, 80.56082354440355 15.967066100447264, 80.56090057890452 15.966991890143152, 80.5609008939346 15.966849923441325, 80.56021003062958 15.966848513329033, 80.56021003062892 15.966848513626978, 80.56021003062881 15.96684851367668, 80.56020955843424 15.967064853353236, 80.5602095584336 15.967064853647692))"
24,"https://www.google.com/maps?q=15.96725945454193,80.56118664494117","(15.96725945454193, 80.56118664494117)","POLYGON ((80.56119615183869 15.96760927328991, 80.5612747942705 15.967533513950684, 80.56136364066901 15.966941268844504, 80.5611364737339 15.966940805907502, 80.56113647329195 15.966940807180498, 80.56113356442145 15.966940801265316, 80.56105051770051 15.967100559088008, 80.56104940243563 15.967608979604803, 80.56119615183869 15.96760927328991))"
25,"https://www.google.com/maps?q=15.967669378780192,80.55891866535596","(15.967669378780192, 80.55891866535596)","POLYGON ((80.5591233199194 15.967796002562899, 80.55912401457702 15.967479107493098, 80.55879036994276 15.96747843020336, 80.55871738954119 15.967548733432931, 80.55871339672876 15.967552579773082, 80.55871422028918 15.967802084295291, 80.55878955572156 15.967875581227386, 80.55895131423054 15.967876199343202, 80.5591233199194 15.967796002562899))"
26,"https://www.google.com/maps?q=15.94705038309117,80.57188298972012","(15.94705038309117, 80.57188298972012)","POLYGON ((80.57198463050493 15.94680886387524, 80.57197025108194 15.94681347605207, 80.57197025118258 15.946813429049788, 80.57174649314771 15.946885242192074, 80.57174582465971 15.947199597981184, 80.5717458249226 15.947199597981692, 80.57174563274813 15.947290000005948, 80.57189236789395 15.94729028603967, 80.57197286604328 15.947212722690692, 80.57206144364824 15.946952211709679, 80.57198463050493 15.94680886387524))"
27,"https://www.google.com/maps?q=14.308133644148423,80.10849630451654","(14.308133644148423, 80.10849630451654)","POLYGON ((80.10852265868473 14.308453008089046, 80.10852266287985 14.308453010158146, 80.1086148805998 14.308543624950051, 80.10870710039543 14.30854397766403, 80.10870815989384 14.308273220652131, 80.10862947107037 14.308079230238901, 80.10861651613493 14.308001672268533, 80.10858574653314 14.307971436772517, 80.10852453092514 14.307820522823478, 80.10834006119651 14.30772955440564, 80.10824667139251 14.307909858123834, 80.10843030104589 14.308362253757208, 80.10852265660357 14.308453003990952, 80.10852265868473 14.308453008089046))"
28,"https://www.google.com/maps?q=14.275884633333591,80.08276564017565","(14.275884633333591, 80.08276564017565)","POLYGON ((80.08241697441531 14.275717056512965, 80.08241551247387 14.276078057911901, 80.08278581931839 14.276079477018186, 80.08283897362979 14.27602804575623, 80.08315684133662 14.27599050453429, 80.08315793627298 14.275719909313962, 80.08241697441531 14.275717056512965))"
29,"https://www.google.com/maps?q=14.290217274380144,80.13483125274223","(14.290217274380144, 80.13483125274223)","POLYGON ((80.13520072371561 14.290379298722149, 80.13529363566137 14.290289360559779, 80.13529363608684 14.290289249189176, 80.13529364181062 14.290289247119505, 80.13529364191501 14.290289219680677, 80.13529364332565 14.290289219170548, 80.13529502245491 14.289928212988514, 80.13529501533314 14.28992821296279, 80.13529501587115 14.28992807154752, 80.13511042802318 14.28983714148925, 80.13436789751766 14.290105660282741, 80.13436651689194 14.290466666370664, 80.1343661711333 14.290557073779143, 80.1346438190276 14.29055807554558, 80.13520072371561 14.290379298722149))"
30,"https://www.google.com/maps?q=14.292040715701887,80.1362048399533","(14.292040715701887, 80.1362048399533)","POLYGON ((80.13630618036177 14.292191478379348, 80.13630618036198 14.292191478325304, 80.13639888861307 14.292191814824672, 80.13639956962261 14.292011482046608, 80.13630735803706 14.291920887076301, 80.1363072130232 14.291920886546304, 80.1363072130497 14.291920879602738, 80.13630720592934 14.291920879576896, 80.1363072064653 14.291920738161757, 80.13621499495365 14.291830143159137, 80.136029735728 14.291919731002125, 80.13602973518442 14.291919872417225, 80.13602972806407 14.291919872391373, 80.13602869504447 14.292190471148134, 80.13630618036177 14.292191478379348))"
31,"https://www.google.com/maps?q=14.294997737955716,80.13395926521878","(14.294997737955716, 80.13395926521878)","POLYGON ((80.13360686422106 14.295165633342384, 80.1336065127624 14.295255558533517, 80.13369922221148 14.295255893781333, 80.13369922220258 14.295255896101214, 80.13388408136902 14.295256565272812, 80.13388408364989 14.295256562154067, 80.13388414670233 14.295256562381244, 80.1342558757066 14.294986724258747, 80.13425691257204 14.294716097743672, 80.13407198849569 14.294715431778219, 80.1337002597541 14.294985269632235, 80.13369991355673 14.295075569560018, 80.13360686422106 14.295165633342384))"
32,"https://www.google.com/maps?q=14.292058198125975,80.13686326564567","(14.292058198125975, 80.13686326564567)","POLYGON ((80.13714124171148 14.292014313714589, 80.1371415864008 14.291923906251187, 80.13658597689978 14.29192189113034, 80.13658494454508 14.29219248992689, 80.13714055471021 14.292194505087464, 80.13714124171388 14.292014313715065, 80.13714124171148 14.292014313714589))"
33,"https://www.google.com/maps?q=14.296462047778796,80.1362463702418","(14.296462047778796, 80.1362463702418)","POLYGON ((80.13591976624261 14.296439765323996, 80.13601140651899 14.296710840582387, 80.13601143518505 14.296710840685469, 80.1360114351798 14.296710842059785, 80.13601144222484 14.296710840710784, 80.13619638064465 14.296711505739273, 80.1362759760742 14.296660187120876, 80.13647483636176 14.296622108865567, 80.13656838456795 14.296448608006319, 80.13647609786106 14.296261110660657, 80.13647606919506 14.296261110557188, 80.1364760692003 14.296261109183318, 80.13647606207608 14.29626110915766, 80.13647606261583 14.296260967742382, 80.13629146922325 14.296170038330578, 80.13610538939801 14.296305067518968, 80.13601281532482 14.296349808054618, 80.1360127293188 14.296372306486308, 80.13591976624261 14.296439765323996))"
34,"https://www.google.com/maps?q=14.308407234552666,80.13797329154194","(14.308407234552666, 80.13797329154194)","POLYGON ((80.1376360951731 14.308289525382035, 80.13763609463876 14.308289664481263, 80.13763608750901 14.308289666771174, 80.13763505517888 14.308560265271185, 80.13819050606978 14.308652681175527, 80.138283413048 14.308562757710815, 80.13828341358709 14.308562616295799, 80.13828342071169 14.308562616321634, 80.13828479690486 14.30820161040764, 80.13796239775273 14.308200448434427, 80.13772900220131 14.308199602135307, 80.1376360951731 14.308289525382035))"
35,"https://www.google.com/maps?q=14.316451102496051,80.14158255996723","(14.316451102496051, 80.14158255996723)","POLYGON ((80.14149974614597 14.316259618993337, 80.14131308255683 14.316619948473724, 80.14168346169336 14.316621279739518, 80.14177637082497 14.316531355074192, 80.14177740645663 14.316260615070586, 80.14149974614597 14.316259618993337))"
36,"https://www.google.com/maps?q=14.316303110345581,80.14273145115777","(14.316303110345581, 80.14273145115777)","POLYGON ((80.14298239349412 14.316355212293297, 80.1427987081576 14.315902668406707, 80.142613882729 14.315902000212889, 80.14252014388641 14.316172727318179, 80.14251842180731 14.31662430135525, 80.1426173052623 14.316624656330172, 80.14261764762708 14.316624971201076, 80.14288880106831 14.316625630742719, 80.14298170974959 14.316535705579398, 80.14298239349412 14.316355212293297))"
37,"https://www.google.com/maps?q=14.392594949409155,80.09986294143916","(14.392594949409155, 80.09986294143916)","POLYGON ((80.09956546556664 14.392227331415496, 80.0995617858361 14.392686513622854, 80.09946981947121 14.392949883731175, 80.09956205427319 14.39304049378161, 80.09974722200121 14.393041197904068, 80.09997941654319 14.392951675649538, 80.10002583058825 14.392951851323014, 80.10009569333471 14.392906845193298, 80.10021152393082 14.392862186691106, 80.10020761085379 14.39283474696553, 80.10030462854738 14.392772247250315, 80.10012133388986 14.39222956469471, 80.0999363389385 14.392138485500618, 80.09993034021765 14.392138462637124, 80.09992966478562 14.392138140432028, 80.09965842352199 14.392137426567077, 80.09956546556664 14.392227331415496))"
38,"https://www.google.com/maps?q=14.394585001256766,80.10089660297723","(14.394585001256766, 80.10089660297723)","POLYGON ((80.10057700443024 14.394401437076324, 80.1005755589602 14.39476209436254, 80.10057704314828 14.394762100008723, 80.10057704327842 14.394763312825834, 80.10066780149519 14.394852845476716, 80.10103179314478 14.394854548491935, 80.10122416454645 14.394764588869233, 80.10122524128971 14.394493806429859, 80.1011332514803 14.394312804317211, 80.10113322278345 14.39431280887216, 80.1011332228076 14.39431280283491, 80.10076270029677 14.394311401796498, 80.10057700591425 14.394401066793664, 80.10057700580313 14.394401094518123, 80.10057700439346 14.39440109474187, 80.10057700443024 14.394401437076324))"
39,"https://www.google.com/maps?q=14.402836305295201,80.09887437147164","(14.402836305295201, 80.09887437147164)","POLYGON ((80.09905770363848 14.403073761677508, 80.09915066654104 14.402983857383136, 80.09915138983331 14.402803367542056, 80.09896712523039 14.402531611333423, 80.09859624764088 14.402620569083338, 80.09859624752968 14.402620597036899, 80.09859624611973 14.402620597031492, 80.09859553008606 14.402800945462515, 80.09868751639733 14.402981985259384, 80.09868754031099 14.402982079946288, 80.09868758861876 14.402982127399442, 80.09877954787493 14.403163113639977, 80.09905755700555 14.403073796019658, 80.09905755714507 14.403073761118979, 80.09905770363848 14.403073761677508))"
40,"https://www.google.com/maps?q=14.410108486458782,80.09913428035041","(14.410108486458782, 80.09913428035041)","POLYGON ((80.09856720651612 14.409852907773397, 80.09856720650386 14.409852907785261, 80.09856611171448 14.410123642507818, 80.09856628792373 14.410123636593163, 80.09856544665911 14.410305067156132, 80.09856538280438 14.41030507729054, 80.0985654131016 14.410312304261097, 80.0985650295586 14.410395019926884, 80.09856576904463 14.41039720961254, 80.09856614329962 14.410486483469054, 80.09861079232353 14.410530527575904, 80.09865668853391 14.4106664302105, 80.09921309324582 14.410578138935113, 80.09938916390625 14.410426943237352, 80.09967759888058 14.410399095966929, 80.09967759896259 14.41039909596724, 80.0996775989766 14.41039909595766, 80.09977056483605 14.410309191659367, 80.09977056484598 14.410309191645792, 80.0997705648363 14.410309191597618, 80.09977165073057 14.410038296290127, 80.09958798911366 14.40958572297345, 80.09950243369715 14.409595822387613, 80.09949534986883 14.409585375380944, 80.0994424694916 14.40960290086064, 80.09884602741333 14.4096733069902, 80.09870795791721 14.409762243695166, 80.09866017255584 14.409763003919135, 80.09856720651612 14.409852907773397))"
41,"https://www.google.com/maps?q=14.391955947371297,80.10292283814107","(14.391955947371297, 80.10292283814107)","POLYGON ((80.10253594210941 14.39160583717589, 80.1024998557586 14.391761158431756, 80.10234936542575 14.391876286902953, 80.10234864438574 14.392056757895423, 80.10241191979082 14.392139647432911, 80.10234719299963 14.392418239857694, 80.10269477681841 14.392453468693528, 80.10281041034978 14.392510397205884, 80.10300199756271 14.392511126748632, 80.10300258185579 14.392511445935558, 80.10317870185136 14.392511799481264, 80.10327370739446 14.392512161123213, 80.10327371573634 14.39251214502584, 80.10327382383001 14.392512155981159, 80.10336678049113 14.39242224962068, 80.10336627538373 14.392333531858384, 80.10336714026016 14.39233186289711, 80.1033702110245 14.391947948268113, 80.10346205339091 14.391789779267635, 80.10346314043822 14.39151903012845, 80.10346314187893 14.391519024612016, 80.103463140462 14.391519024211298, 80.10346314057249 14.391518996688047, 80.10346314058162 14.39151899665308, 80.10346314052661 14.391518996637528, 80.1030002870588 14.391336462777053, 80.1028151206701 14.39133575940345, 80.10281512063555 14.391335759393685, 80.10281512062919 14.391335759403297, 80.10281512062156 14.391335759403269, 80.10253594210941 14.39160583717589))"
42,"https://www.google.com/maps?q=14.392784702895396,80.10128450455214","(14.392784702895396, 80.10128450455214)","POLYGON ((80.10123364732583 14.392414637408645, 80.10104856504576 14.392413936990787, 80.10103527494122 14.392426790739743, 80.10095593288973 14.392413579242849, 80.10086249810891 14.392593876400593, 80.10095414596384 14.39286511345693, 80.10120992814015 14.393025594626769, 80.10121054052865 14.393026196035445, 80.10132367500567 14.393228015606624, 80.10160131075237 14.39322907202469, 80.1016016712667 14.393138666194005, 80.10160167228565 14.393138666197888, 80.10160383893916 14.392596854764417, 80.10160383181717 14.392596853829518, 80.10160383237745 14.39259671332474, 80.1015115968744 14.39250610403023, 80.10128102246487 14.392467710762984, 80.10123364732583 14.392414637408645))"
43,"https://www.google.com/maps?q=14.393211859989705,80.10314504668963","(14.393211859989705, 80.10314504668963)","POLYGON ((80.1025297985521 14.39314281434652, 80.10252872500462 14.393413568878836, 80.10262071564485 14.393594570575576, 80.1026207423296 14.393594564206351, 80.10262074431475 14.393594572066442, 80.10345499177443 14.393597729861142, 80.10354810166423 14.393507675653472, 80.10354810166919 14.393507675648676, 80.10354810167414 14.393507675643884, 80.10354810167823 14.393507675643887, 80.10364105867242 14.393417769200536, 80.10364105867242 14.39341776919656, 80.10364105868236 14.393417769186964, 80.10364105867271 14.393417769129151, 80.10364322158021 14.392875674623392, 80.10355098512207 14.392785066095618, 80.10308795161687 14.39269290297043, 80.10304248887107 14.392783130799637, 80.10299498703047 14.392782950605481, 80.10292800064904 14.393010349942957, 80.10289891110472 14.393068082442595, 80.10277424445697 14.393101952573003, 80.1025297985521 14.39314281434652))"
44,"https://www.google.com/maps?q=14.405266435601623,80.10216426546295","(14.405266435601623, 80.10216426546295)","POLYGON ((80.10164876802284 14.404711557047538, 80.10164877241806 14.404711583372183, 80.10164876650204 14.40471158499573, 80.10166387226438 14.404802056491517, 80.10173754951315 14.40570591865581, 80.10182427500905 14.405762737531257, 80.10182994182992 14.405796677020465, 80.10210730960964 14.405978396223496, 80.10257060566477 14.405980164391579, 80.102664435462 14.405709459981772, 80.10266582049147 14.40544505314964, 80.10266549562205 14.40544427816133, 80.10266624138846 14.405257733560523, 80.10249577158511 14.404957892520573, 80.10248327199842 14.404624398772402, 80.10248327140307 14.404624349246728, 80.102483270142 14.404624349241955, 80.10248326484093 14.404624207807164, 80.10239102431743 14.404533598639683, 80.10211977045137 14.404532249294839, 80.10196327320433 14.404616180877012, 80.10164912831704 14.404621179255411, 80.10165620271457 14.404707967262892, 80.10164876802284 14.404711557047538))"
45,"https://www.google.com/maps?q=14.411396492185512,80.10320408188454","(14.411396492185512, 80.10320408188454)","POLYGON ((80.10310700794243 14.411136038509696, 80.10296749285365 14.411225909360672, 80.10282854213763 14.41122538008721, 80.10282709856476 14.4115863794186, 80.10282673704192 14.411676785135011, 80.103197883094 14.411587782385823, 80.10338316291005 14.411588483225847, 80.10366162899332 14.411499141010314, 80.10366234756603 14.41131892511509, 80.10347736193677 14.411227851730658, 80.10347734323405 14.411227851659632, 80.10347734227157 14.411227850714212, 80.10343101049159 14.41122767434216, 80.1032922104403 14.41113674173595, 80.10310700794243 14.411136038509696))"
46,"https://www.google.com/maps?q=14.412381140050217,80.1019304015031","(14.412381140050217, 80.1019304015031)","POLYGON ((80.10133994952744 14.412304612363126, 80.10124698335947 14.412394517275942, 80.10124625379926 14.412574846461412, 80.10133274374355 14.412569153175866, 80.1013388656507 14.4125751919476, 80.10151737225684 14.412576189872642, 80.1015641068772 14.41255392331252, 80.10254471784117 14.412489370413798, 80.10263768356177 14.412399464962903, 80.10263841199448 14.412219135705664, 80.10254565519183 14.412218783956574, 80.10254565519475 14.412218783239062, 80.1016185623018 14.412215266265797, 80.10133994952744 14.412304612363126))"
47,"https://www.google.com/maps?q=14.417701620639866,80.10214030884225","(14.417701620639866, 80.10214030884225)","POLYGON ((80.10233735035719 14.417913012387407, 80.10233879537941 14.417552013297698, 80.10233915725267 14.417461607638316, 80.10196825405626 14.417550611060662, 80.10187528582215 14.417640516070113, 80.10187492512175 14.41773058100047, 80.10205956763241 14.417911949049449, 80.10223745872653 14.417912630045025, 80.1022380785215 14.417912946675365, 80.10223842416423 14.417912633740508, 80.10233735035719 14.417913012387407))"
48,"https://www.google.com/maps?q=14.379635450602164,80.10584186863105","(14.379635450602164, 80.10584186863105)","POLYGON ((80.10583087561314 14.379323004977683, 80.1056810740752 14.379406645853704, 80.10545956248464 14.37941200820398, 80.10536661228493 14.379501915867595, 80.10545755228713 14.379953814415346, 80.10601351906428 14.379955908379085, 80.1062926783487 14.379685825109798, 80.10629411724437 14.379324746895582, 80.10583087561314 14.379323004977683))"
49,"https://www.google.com/maps?q=14.394586886050535,80.10804310873543","(14.394586886050535, 80.10804310873543)","POLYGON ((80.10827170380628 14.395152876311402, 80.10827385468893 14.3946110639788, 80.10827385112782 14.394611063965458, 80.10827457017662 14.394429628453574, 80.10827457493023 14.394429628471592, 80.10827600795714 14.394068628078003, 80.10827600083083 14.394068628051127, 80.10827600139125 14.394068486638279, 80.10809801971556 14.393977237619348, 80.10781290046572 14.394066881021635, 80.10780859408025 14.395151129117938, 80.10790134396234 14.395151479111949, 80.10827170380628 14.395152876311402))"
50,"https://www.google.com/maps?q=14.4044511885618,80.10713343381933","(14.4044511885618, 80.10713343381933)","POLYGON ((80.1065409063958 14.404351539868966, 80.10656544429335 14.40454895005871, 80.10670366642272 14.404775450260374, 80.10674951182105 14.404911255724594, 80.10684887542436 14.405013399076179, 80.10701584781438 14.405287010082983, 80.10702597518062 14.405364336891399, 80.10711821800648 14.405454944370689, 80.10711833098101 14.405454944797635, 80.10711833439042 14.405454950384488, 80.10711835726029 14.405454944896947, 80.10730337668302 14.40545564403337, 80.10736538634654 14.405395671015057, 80.10748923262699 14.405365954364148, 80.10776843199906 14.405095920090986, 80.10776843256626 14.405095777305025, 80.10776846837388 14.405095777440243, 80.10786226170536 14.40482537420353, 80.10758617434573 14.404281921357818, 80.10758617327268 14.404281918713354, 80.10758617226256 14.404281917257261, 80.10749413852506 14.404100756600714, 80.1074578606792 14.404059416416287, 80.1073338994599 14.40382734150032, 80.10731041319387 14.403648014903737, 80.10718402360621 14.403461729977439, 80.1071263513216 14.40328583190964, 80.10684837322935 14.403375160675147, 80.10684715604543 14.403682520776018, 80.10647555950156 14.403825815335427, 80.10647413002093 14.404186975867542, 80.1065409063958 14.404351539868966))"
51,"https://www.google.com/maps?q=16.155347655649667,81.09110603619307","(16.155347655649667, 81.09110603619307)","POLYGON ((81.09031105092201 16.155109998757307, 81.09021759730452 16.155290809575376, 81.09021767089412 16.155471152033048, 81.09037450647287 16.155501701820754, 81.09068527643662 16.155651751055878, 81.09090973760529 16.155663687287195, 81.0910156511813 16.155697759586875, 81.09134012503081 16.155832276742416, 81.09152740629831 16.155862389826638, 81.09171431880459 16.15592251869976, 81.09190091594871 16.15592244618157, 81.09199432056282 16.155651358322643, 81.09199425844169 16.155515915051488, 81.09199423810911 16.155470874472297, 81.09199423778378 16.155470874158144, 81.09199419632114 16.155380471778614, 81.09190075849246 16.155290242328203, 81.09171364165185 16.155199920594026, 81.09171364128743 16.155199920242133, 81.0907780894714 16.154748323666446, 81.09049792697991 16.154748436330525, 81.0903110110475 16.15501958101738, 81.09031105092201 16.155109998757307))"
52,"https://www.google.com/maps?q=16.152366542197093,81.09704453759805","(16.152366542197093, 81.09704453759805)","POLYGON ((81.09685718698621 16.152033557499458, 81.09685718698692 16.152033558873548, 81.09685715806538 16.152033558885833, 81.09681041357248 16.152169117217568, 81.0967637457667 16.15221426399994, 81.09678072903904 16.152255201820374, 81.09676378954651 16.15230432600293, 81.09683350373967 16.152382414007242, 81.0969405466595 16.152640437924404, 81.09695107515725 16.152756113095972, 81.0970441128959 16.152756063799014, 81.097137584407 16.152665618488086, 81.0971376053466 16.152665618477762, 81.09732443656844 16.152484876136025, 81.09732443653876 16.152484815443835, 81.09732443978162 16.15248481230595, 81.09732434833414 16.152304411430293, 81.09704376062214 16.15203347956419, 81.09685718698621 16.152033557499458))"
53,"https://www.google.com/maps?q=16.1525738220328,81.10488023484199","(16.1525738220328, 81.10488023484199)","POLYGON ((81.10556324405833 16.153204346019535, 81.10574325254156 16.153203938059942, 81.10593007640522 16.15302318822406, 81.10592998036569 16.152842723575784, 81.10583653745431 16.15275250024372, 81.10566054447028 16.152672938594513, 81.1056494282289 16.152662205806205, 81.10563188802229 16.152659983772608, 81.10515372199798 16.152443816743418, 81.10424595462862 16.151849272620364, 81.10405938120648 16.151849356860293, 81.1040596785019 16.151939762070132, 81.10396589230041 16.15193980520524, 81.10396608908434 16.152300953015228, 81.10415316093496 16.15257191768294, 81.10527585364251 16.153113765850225, 81.10554744634706 16.153199366883975, 81.1055565117174 16.153204029705762, 81.10556223156496 16.153204026901093, 81.10556324405833 16.153204346019535))"
54,"https://www.google.com/maps?q=16.151138626140824,81.11181896619783","(16.151138626140824, 81.11181896619783)","POLYGON ((81.11163534973481 16.151031898505764, 81.11163695325497 16.15121329230467, 81.11172889100067 16.151302427119795, 81.11191546386313 16.15130233616835, 81.11191546386183 16.151302333848594, 81.11200899970272 16.151302287026834, 81.11200884602077 16.151031674575567, 81.11163529903966 16.150941495829862, 81.11163584924857 16.1510318982441, 81.11163534973481 16.151031898505764))"
55,"https://www.google.com/maps?q=16.15174809823924,81.10896309763834","(16.15174809823924, 81.10896309763834)","POLYGON ((81.10892299140795 16.152388797335536, 81.10898140544265 16.152320971971776, 81.10901640610278 16.152298398609734, 81.10905640763555 16.15223388577089, 81.10939030297189 16.151846193507676, 81.10976403867917 16.15112324530138, 81.10957708497607 16.151032974645325, 81.10948353020032 16.15103302253993, 81.10948352942057 16.151033021787104, 81.10910973904693 16.15103321348943, 81.10901182414378 16.151127947873423, 81.10892283184643 16.151214029337016, 81.10892279406873 16.15121408591306, 81.10873593114349 16.151394878455775, 81.10826861179689 16.15202792388999, 81.108268802464 16.152389080436144, 81.10846248917946 16.15247966844662, 81.10864904891085 16.152479411433394, 81.10864956198655 16.152479573146877, 81.10865005297784 16.152479410049704, 81.10882956979115 16.152479162584076, 81.10892299140795 16.152388797335536))"
56,"https://www.google.com/maps?q=16.181192552334355,81.10995916731066","(16.181192552334355, 81.10995916731066)","POLYGON ((81.10968765894565 16.18104642501647, 81.10968770917933 16.181136827128658, 81.10968770885427 16.181136827443115, 81.1096877091802 16.18113682869892, 81.1096878094695 16.181317310759404, 81.10978142216 16.18149790542485, 81.1099607077785 16.18149780927127, 81.1099613391687 16.181498125644065, 81.10996201537789 16.18149780856943, 81.11006160233198 16.181497755093563, 81.11024844866125 16.18131700181036, 81.11015465554864 16.180865520247924, 81.10996803511013 16.180865624675, 81.10982774168883 16.180956092860942, 81.10978115172107 16.18095611575043, 81.10978115174795 16.18095612269731, 81.10978100539452 16.18095612277283, 81.10968765894565 16.18104642501647))"
57,"https://www.google.com/maps?q=16.182048349074027,81.11015958405942","(16.182048349074027, 81.11015958405942)","POLYGON ((81.11002453133555 16.182021969588273, 81.11000994394176 16.182119605795886, 81.10987545857064 16.182311962357115, 81.10987522497645 16.182485939162483, 81.11006175548475 16.182492168396962, 81.1100620358297 16.182492187324186, 81.1100620422747 16.182492177974254, 81.11006215324628 16.18249218168013, 81.11024901643111 16.182311416986035, 81.11043589937216 16.181949740804907, 81.11043575733925 16.18167957491606, 81.11043575704394 16.181678996565836, 81.11043439428978 16.181678997307007, 81.11034220691214 16.181679046853183, 81.11034220691123 16.18167904510539, 81.11024842085745 16.18167909721758, 81.11006205539873 16.181679197175686, 81.1099687087649 16.18176949951457, 81.11002453133555 16.182021969588273))"
58,"https://www.google.com/maps?q=16.182612934940117,81.11351396724906","(16.182612934940117, 81.11351396724906)","POLYGON ((81.11333692748617 16.182490951344434, 81.11333702317049 16.182671274042583, 81.1133370267697 16.18267127404058, 81.11333712631998 16.18285207884498, 81.11352372876593 16.18285197240324, 81.11371057319016 16.182671216114176, 81.11371042542319 16.18240049101565, 81.11361687496257 16.182400543317033, 81.11361687496125 16.182400540997286, 81.11343041926737 16.182400640493118, 81.11343041927134 16.18240064743638, 81.11343027293992 16.18240064751803, 81.11333692748617 16.182490951344434))"
59,"https://www.google.com/maps?q=16.183685797294835,81.11356303616256","(16.183685797294835, 81.11356303616256)","POLYGON ((81.11296339052542 16.183666445394202, 81.11296342569091 16.18372663599617, 81.11286994540447 16.18384723600946, 81.11286999657685 16.183937297698666, 81.11315076793483 16.18429869503593, 81.11324430540697 16.184388962496268, 81.11343105563408 16.18438886299563, 81.11370919479066 16.18402915955195, 81.1138984797139 16.183936625448084, 81.11427239673449 16.18357493930708, 81.11427234492753 16.183484877619208, 81.11399158624887 16.183033164489057, 81.1139914717283 16.18303316455042, 81.11399146883977 16.183033158978294, 81.11371128654028 16.1830333144987, 81.11315030475804 16.183485540557925, 81.1130991891064 16.183551485687904, 81.11296339052542 16.183666445394202))"
60,"https://www.google.com/maps?q=16.188158771850727,81.11642739689296","(16.188158771850727, 81.11642739689296)","POLYGON ((81.11642752214827 16.188365086123998, 81.11661404519477 16.188455256328893, 81.11661393113242 16.18827491458801, 81.11642664988256 16.187913569645207, 81.11624016010445 16.187913670279965, 81.11624176835393 16.188095063387905, 81.11642752214827 16.188365086123998))"
61,"https://www.google.com/maps?q=16.1920629513337,81.12248814387651","(16.1920629513337, 81.12248814387651)","POLYGON ((81.12223030769097 16.192429804174626, 81.12251050316075 16.192429637343412, 81.1227908474574 16.192158417019687, 81.12279084738854 16.19215830635283, 81.12279085315527 16.192158303561776, 81.12279067993684 16.19188755084814, 81.12279067896174 16.19188754990702, 81.1227906789504 16.191887531678944, 81.12269704557151 16.19170691748973, 81.12241694565469 16.19161670076792, 81.12239265516061 16.191795801461755, 81.12213662306942 16.192159115353014, 81.12223030769097 16.192429804174626))"
62,"https://www.google.com/maps?q=16.1920629513337,81.12248814387651","(16.1920629513337, 81.12248814387651)","POLYGON ((81.12223030769097 16.192429804174626, 81.12251050316075 16.192429637343412, 81.1227908474574 16.192158417019687, 81.12279084738854 16.19215830635283, 81.12279085315527 16.192158303561776, 81.12279067993684 16.19188755084814, 81.12279067896174 16.19188754990702, 81.1227906789504 16.191887531678944, 81.12269704557151 16.19170691748973, 81.12241694565469 16.19161670076792, 81.12239265516061 16.191795801461755, 81.12213662306942 16.192159115353014, 81.12223030769097 16.192429804174626))"
63,"https://www.google.com/maps?q=16.192701513257482,81.12152041321168","(16.192701513257482, 81.12152041321168)","POLYGON ((81.12176218568369 16.192882227151525, 81.12176207500299 16.192701763277743, 81.1215748345557 16.192430806233297, 81.12129478540899 16.19243096480115, 81.12130776419276 16.19279642969128, 81.1214821468268 16.19297264443267, 81.12166883915152 16.19297253455347, 81.12176218568369 16.192882227151525))"
64,"https://www.google.com/maps?q=16.16602815120315,81.12235092726358","(16.16602815120315, 81.12235092726358)","POLYGON ((81.12268154281574 16.16611609182981, 81.12268111324074 16.165945109104367, 81.12268111155598 16.16594222856969, 81.12268110599699 16.16594222588617, 81.12268110571871 16.16594211511815, 81.12258766090868 16.165851914743104, 81.12202684842612 16.165761827367398, 81.1220269066194 16.165852229882518, 81.12202690389384 16.165852229884084, 81.12202690662447 16.165852237769997, 81.12202702270898 16.166032571968543, 81.12212063927672 16.16621316143967, 81.12258782174163 16.16630329553388, 81.12267554947307 16.166128063278737, 81.12268121704044 16.16612257943895, 81.1226812136305 16.166116749363475, 81.12268154281574 16.16611609182981))"
